epoch,loss,val_loss
0,458.012826102,163.688903809
1,121.004951477,115.155517578
2,90.6232038225,72.7971801758
3,65.8562025343,54.6283950806
4,49.5965344565,40.3374481201
